date,week,mobility_change,mobility_change_7day_average,mobility_change_weekly
2020-02-01,5,0.0324,0.0933,0.0111
2020-02-02,5,-0.0182,0.0764,0.0111
2020-02-03,6,0.0214,0.0742,0.0289
2020-02-04,6,0.0296,0.0546,0.0289
2020-02-05,6,0.0491,0.0489,0.0289
2020-02-06,6,0.0322,0.0387,0.0289
2020-02-07,6,0.0508,0.0282,0.0289
2020-02-08,6,0.0453,0.0301,0.0289
2020-02-09,6,-0.0589,0.0242,0.0289
2020-02-10,7,-0.0957,0.0075,0.0167
2020-02-11,7,0.0317,0.0078,0.0167
2020-02-12,7,0.0274,0.0047,0.0167
2020-02-13,7,0.0175,0.0026,0.0167
2020-02-14,7,0.0548,0.0032,0.0167
2020-02-15,7,0.0662,0.0061,0.0167
2020-02-16,7,0.0234,0.0179,0.0167
2020-02-17,8,0.0417,0.0375,0.0303
2020-02-18,8,0.0527,0.0405,0.0303
2020-02-19,8,0.0384,0.0421,0.0303
2020-02-20,8,0.0289,0.0437,0.0303
2020-02-21,8,0.0265,0.0397,0.0303
2020-02-22,8,0.0308,0.0346,0.0303
2020-02-23,8,-0.0308,0.0269,0.0303
2020-02-24,9,-0.0482,0.0140,-0.0047
2020-02-25,9,-0.0178,0.0040,-0.0047
2020-02-26,9,-0.0062,-0.0024,-0.0047
2020-02-27,9,-0.0054,-0.0073,-0.0047
2020-02-28,9,0.0292,-0.0069,-0.0047
2020-02-29,9,0.0197,-0.0085,-0.0047
2020-03-01,9,0.0005,-0.0040,-0.0047
2020-03-02,10,0.0180,0.0054,0.0095
2020-03-03,10,0.0071,0.0090,0.0095
2020-03-04,10,0.0181,0.0125,0.0095
2020-03-05,10,0.0074,0.0143,0.0095
2020-03-06,10,-0.0010,0.0100,0.0095
2020-03-07,10,-0.0035,0.0067,0.0095
2020-03-08,10,0.0258,0.0103,0.0095
2020-03-09,11,0.0505,0.0149,-0.0221
2020-03-10,11,-0.0243,0.0104,-0.0221
2020-03-11,11,-0.0097,0.0065,-0.0221
2020-03-12,11,0.0006,0.0055,-0.0221
2020-03-13,11,-0.0180,0.0031,-0.0221
2020-03-14,11,-0.0975,-0.0104,-0.0221
2020-03-15,11,-0.0934,-0.0274,-0.0221
2020-03-16,12,-0.0660,-0.0440,-0.2680
2020-03-17,12,-0.1780,-0.0660,-0.2680
2020-03-18,12,-0.2241,-0.0966,-0.2680
2020-03-19,12,-0.2751,-0.1360,-0.2680
2020-03-20,12,-0.3179,-0.1789,-0.2680
2020-03-21,12,-0.4594,-0.2306,-0.2680
2020-03-22,12,-0.4416,-0.2803,-0.2680
2020-03-23,13,-0.3502,-0.3209,-0.3904
2020-03-24,13,-0.3762,-0.3492,-0.3904
2020-03-25,13,-0.3806,-0.3716,-0.3904
2020-03-26,13,-0.3812,-0.3867,-0.3904
2020-03-27,13,-0.3712,-0.3944,-0.3904
2020-03-28,13,-0.3821,-0.3833,-0.3904
2020-03-29,13,-0.5520,-0.3991,-0.3904
2020-03-30,14,-0.3553,-0.3998,-0.3387
2020-03-31,14,-0.3542,-0.3967,-0.3387
2020-04-01,14,-0.3450,-0.3916,-0.3387
2020-04-02,14,-0.3324,-0.3846,-0.3387
2020-04-03,14,-0.2829,-0.3720,-0.3387
2020-04-04,14,-0.3603,-0.3689,-0.3387
2020-04-05,14,-0.3415,-0.3388,-0.3387
2020-04-06,15,-0.2393,-0.3222,-0.3151
2020-04-07,15,-0.3204,-0.3174,-0.3151
2020-04-08,15,-0.2848,-0.3088,-0.3151
2020-04-09,15,-0.2734,-0.3004,-0.3151
2020-04-10,15,-0.5219,-0.3345,-0.3151
2020-04-11,15,-0.2791,-0.3229,-0.3151
2020-04-12,15,-0.2794,-0.3140,-0.3151
2020-04-13,16,-0.5886,-0.3639,-0.3160
2020-04-14,16,-0.3168,-0.3634,-0.3160
2020-04-15,16,-0.2778,-0.3624,-0.3160
2020-04-16,16,-0.2539,-0.3597,-0.3160
2020-04-17,16,-0.1846,-0.3115,-0.3160
2020-04-18,16,-0.2884,-0.3128,-0.3160
2020-04-19,16,-0.3015,-0.3160,-0.3160
2020-04-20,17,-0.1770,-0.2572,-0.2053
2020-04-21,17,-0.2363,-0.2456,-0.2053
2020-04-22,17,-0.2068,-0.2355,-0.2053
2020-04-23,17,-0.2029,-0.2282,-0.2053
2020-04-24,17,-0.1376,-0.2215,-0.2053
2020-04-25,17,-0.2440,-0.2151,-0.2053
2020-04-26,17,-0.2443,-0.2070,-0.2053
2020-04-27,18,-0.1417,-0.2019,-0.2829
2020-04-28,18,-0.2352,-0.2018,-0.2829
2020-04-29,18,-0.2195,-0.2036,-0.2829
2020-04-30,18,-0.1807,-0.2004,-0.2829
2020-05-01,18,-0.5884,-0.2648,-0.2829
2020-05-02,18,-0.2853,-0.2707,-0.2829
2020-05-03,18,-0.3122,-0.2804,-0.2829
2020-05-04,19,-0.2299,-0.2930,-0.1751
2020-05-05,19,-0.2261,-0.2917,-0.1751
2020-05-06,19,-0.1357,-0.2797,-0.1751
2020-05-07,19,-0.1206,-0.2712,-0.1751
2020-05-08,19,-0.1722,-0.2117,-0.1751
2020-05-09,19,-0.1575,-0.1934,-0.1751
2020-05-10,19,-0.1780,-0.1743,-0.1751
2020-05-11,20,-0.2166,-0.1724,-0.1469
2020-05-12,20,-0.1720,-0.1647,-0.1469
2020-05-13,20,-0.1265,-0.1633,-0.1469
2020-05-14,20,-0.0962,-0.1599,-0.1469
2020-05-15,20,-0.1413,-0.1555,-0.1469
2020-05-16,20,-0.1297,-0.1515,-0.1469
2020-05-17,20,-0.1374,-0.1457,-0.1469
2020-05-18,21,-0.0918,-0.1278,-0.1409
2020-05-19,21,-0.0932,-0.1166,-0.1409
2020-05-20,21,0.0096,-0.0971,-0.1409
2020-05-21,21,-0.2968,-0.1258,-0.1409
2020-05-22,21,-0.1734,-0.1304,-0.1409
2020-05-23,21,-0.1717,-0.1364,-0.1409
2020-05-24,21,-0.1871,-0.1435,-0.1409
2020-05-25,22,-0.1022,-0.1450,-0.0445
2020-05-26,22,-0.0829,-0.1435,-0.0445
2020-05-27,22,-0.0120,-0.1466,-0.0445
2020-05-28,22,-0.0098,-0.1056,-0.0445
2020-05-29,22,-0.0502,-0.0880,-0.0445
2020-05-30,22,-0.0266,-0.0673,-0.0445
2020-05-31,22,-0.0109,-0.0421,-0.0445
2020-06-01,23,-0.2653,-0.0654,-0.1303
2020-06-02,23,-0.0716,-0.0638,-0.1303
2020-06-03,23,-0.0921,-0.0752,-0.1303
2020-06-04,23,-0.0850,-0.0859,-0.1303
2020-06-05,23,-0.1230,-0.0963,-0.1303
2020-06-06,23,-0.1093,-0.1082,-0.1303
2020-06-07,23,-0.1977,-0.1349,-0.1303
2020-06-08,24,0.0124,-0.0952,-0.1052
2020-06-09,24,-0.0949,-0.0985,-0.1052
2020-06-10,24,-0.0753,-0.0961,-0.1052
2020-06-11,24,-0.2497,-0.1196,-0.1052
2020-06-12,24,-0.0704,-0.1121,-0.1052
2020-06-13,24,-0.0616,-0.1053,-0.1052
2020-06-14,24,-0.2243,-0.1091,-0.1052
2020-06-15,25,0.0081,-0.1097,-0.0432
2020-06-16,25,-0.0618,-0.1050,-0.0432
2020-06-17,25,-0.0813,-0.1059,-0.0432
2020-06-18,25,-0.0171,-0.0726,-0.0432
2020-06-19,25,-0.0586,-0.0710,-0.0432
2020-06-20,25,-0.0460,-0.0687,-0.0432
2020-06-21,25,-0.0370,-0.0420,-0.0432
2020-06-22,26,0.0472,-0.0364,-0.0370
2020-06-23,26,-0.0267,-0.0314,-0.0370
2020-06-24,26,-0.0278,-0.0237,-0.0370
2020-06-25,26,-0.0207,-0.0242,-0.0370
2020-06-26,26,-0.0961,-0.0296,-0.0370
2020-06-27,26,-0.0383,-0.0285,-0.0370
2020-06-28,26,-0.1100,-0.0389,-0.0370
2020-06-29,27,0.0322,-0.0410,0.0058
2020-06-30,27,-0.0444,-0.0436,0.0058
2020-07-01,27,0.0205,-0.0367,0.0058
2020-07-02,27,0.0039,-0.0332,0.0058
2020-07-03,27,0.0193,-0.0167,0.0058
2020-07-04,27,0.0111,-0.0096,0.0058
2020-07-05,27,0.0010,0.0062,0.0058
2020-07-06,28,-0.0025,0.0013,0.0041
2020-07-07,28,0.0169,0.0100,0.0041
2020-07-08,28,-0.0163,0.0048,0.0041
2020-07-09,28,-0.0063,0.0033,0.0041
2020-07-10,28,-0.0175,-0.0019,0.0041
2020-07-11,28,0.0025,-0.0032,0.0041
2020-07-12,28,0.0775,0.0078,0.0041
2020-07-13,29,0.0105,0.0096,0.0070
2020-07-14,29,0.0096,0.0086,0.0070
2020-07-15,29,-0.0165,0.0085,0.0070
2020-07-16,29,-0.0311,0.0050,0.0070
2020-07-17,29,-0.0036,0.0070,0.0070
2020-07-18,29,0.0247,0.0102,0.0070
2020-07-19,29,0.0853,0.0113,0.0070
2020-07-20,30,-0.0044,0.0092,-0.0210
2020-07-21,30,-0.1123,-0.0083,-0.0210
2020-07-22,30,0.0010,-0.0058,-0.0210
2020-07-23,30,0.0057,-0.0005,-0.0210
2020-07-24,30,-0.0140,-0.0020,-0.0210
2020-07-25,30,0.0071,-0.0045,-0.0210
2020-07-26,30,-0.0308,-0.0211,-0.0210
2020-07-27,31,-0.0154,-0.0227,-0.0130
2020-07-28,31,-0.0104,-0.0081,-0.0130
2020-07-29,31,-0.0001,-0.0083,-0.0130
2020-07-30,31,-0.0013,-0.0093,-0.0130
2020-07-31,31,0.0008,-0.0072,-0.0130
2020-08-01,31,0.0064,-0.0073,-0.0130
2020-08-02,31,-0.0932,-0.0162,-0.0130
2020-08-03,32,-0.0207,-0.0169,0.0146
2020-08-04,32,-0.0163,-0.0178,0.0146
2020-08-05,32,0.0309,-0.0134,0.0146
2020-08-06,32,0.0594,-0.0047,0.0146
2020-08-07,32,0.0242,-0.0013,0.0146
2020-08-08,32,0.0257,0.0014,0.0146
2020-08-09,32,-0.0062,0.0138,0.0146
2020-08-10,33,0.0239,0.0202,0.0252
2020-08-11,33,0.0232,0.0259,0.0252
2020-08-12,33,0.0320,0.0260,0.0252
2020-08-13,33,0.0486,0.0245,0.0252
2020-08-14,33,0.0314,0.0255,0.0252
2020-08-15,33,-0.0092,0.0205,0.0252
2020-08-16,33,0.0219,0.0245,0.0252
2020-08-17,34,0.0396,0.0268,0.0371
2020-08-18,34,0.0461,0.0301,0.0371
2020-08-19,34,0.0545,0.0333,0.0371
2020-08-20,34,0.0795,0.0377,0.0371
2020-08-21,34,0.0482,0.0401,0.0371
2020-08-22,34,-0.0055,0.0406,0.0371
2020-08-23,34,-0.0257,0.0338,0.0371
2020-08-24,35,0.0434,0.0344,0.0113
2020-08-25,35,-0.0021,0.0275,0.0113
2020-08-26,35,-0.0607,0.0110,0.0113
2020-08-27,35,0.0491,0.0067,0.0113
2020-08-28,35,0.0567,0.0079,0.0113
2020-08-29,35,0.0433,0.0149,0.0113
2020-08-30,35,-0.0707,0.0084,0.0113
2020-08-31,36,0.0955,0.0159,0.0453
2020-09-01,36,0.0369,0.0215,0.0453
2020-09-02,36,0.0227,0.0334,0.0453
2020-09-03,36,0.0287,0.0304,0.0453
2020-09-04,36,0.0479,0.0292,0.0453
2020-09-05,36,0.0334,0.0278,0.0453
2020-09-06,36,0.0589,0.0463,0.0453
2020-09-07,37,0.0625,0.0416,0.0603
2020-09-08,37,0.0601,0.0449,0.0603
2020-09-09,37,0.0567,0.0497,0.0603
2020-09-10,37,0.0451,0.0521,0.0603
2020-09-11,37,0.0473,0.0520,0.0603
2020-09-12,37,0.0551,0.0551,0.0603
2020-09-13,37,0.1147,0.0631,0.0603
2020-09-14,38,0.0716,0.0644,0.0634
2020-09-15,38,0.0598,0.0643,0.0634
2020-09-16,38,0.0416,0.0622,0.0634
2020-09-17,38,0.0443,0.0621,0.0634
2020-09-18,38,0.0546,0.0631,0.0634
2020-09-19,38,0.0690,0.0651,0.0634
2020-09-20,38,0.1266,0.0668,0.0634
2020-09-21,39,0.0860,0.0688,0.0421
2020-09-22,39,0.0820,0.0720,0.0421
2020-09-23,39,0.0640,0.0752,0.0421
2020-09-24,39,0.0646,0.0781,0.0421
2020-09-25,39,0.0159,0.0726,0.0421
2020-09-26,39,-0.0290,0.0586,0.0421
2020-09-27,39,-0.0188,0.0378,0.0421
2020-09-28,40,0.0648,0.0348,0.0632
2020-09-29,40,0.0388,0.0286,0.0632
2020-09-30,40,0.0770,0.0305,0.0632
2020-10-01,40,0.1898,0.0484,0.0632
2020-10-02,40,0.1208,0.0633,0.0632
2020-10-03,40,-0.1439,0.0469,0.0632
2020-10-04,40,0.0791,0.0609,0.0632
2020-10-05,41,0.0660,0.0611,0.0256
2020-10-06,41,0.0539,0.0632,0.0256
2020-10-07,41,-0.0383,0.0468,0.0256
2020-10-08,41,0.0651,0.0289,0.0256
2020-10-09,41,0.0340,0.0166,0.0256
2020-10-10,41,0.0176,0.0396,0.0256
2020-10-11,41,-0.0389,0.0228,0.0256
2020-10-12,42,-0.0090,0.0120,0.0059
2020-10-13,42,0.0173,0.0068,0.0059
2020-10-14,42,-0.0251,0.0087,0.0059
2020-10-15,42,0.0926,0.0126,0.0059
2020-10-16,42,0.0109,0.0093,0.0059
2020-10-17,42,-0.0143,0.0048,0.0059
2020-10-18,42,-0.0445,0.0040,0.0059
2020-10-19,43,-0.0054,0.0045,0.0018
2020-10-20,43,-0.0164,-0.0003,0.0018
2020-10-21,43,-0.0173,0.0008,0.0018
2020-10-22,43,0.1073,0.0029,0.0018
2020-10-23,43,-0.0108,-0.0002,0.0018
2020-10-24,43,-0.0252,-0.0018,0.0018
2020-10-25,43,-0.0240,0.0012,0.0018
2020-10-26,44,-0.0079,0.0008,-0.0053
2020-10-27,44,0.0131,0.0050,-0.0053
2020-10-28,44,-0.0043,0.0069,-0.0053
2020-10-29,44,0.0782,0.0027,-0.0053
2020-10-30,44,0.0135,0.0062,-0.0053
2020-10-31,44,-0.0806,-0.0017,-0.0053
2020-11-01,44,-0.0859,-0.0106,-0.0053
2020-11-02,45,-0.0498,-0.0165,-0.0712
2020-11-03,45,-0.0641,-0.0276,-0.0712
2020-11-04,45,-0.0540,-0.0346,-0.0712
2020-11-05,45,-0.0655,-0.0552,-0.0712
2020-11-06,45,-0.0664,-0.0666,-0.0712
2020-11-07,45,-0.1133,-0.0713,-0.0712
2020-11-08,45,-0.1059,-0.0741,-0.0712
2020-11-09,46,-0.0957,-0.0807,-0.0963
2020-11-10,46,-0.1036,-0.0863,-0.0963
2020-11-11,46,-0.0995,-0.0928,-0.0963
2020-11-12,46,-0.0844,-0.0955,-0.0963
2020-11-13,46,-0.0540,-0.0938,-0.0963
2020-11-14,46,-0.1339,-0.0967,-0.0963
2020-11-15,46,-0.1171,-0.0983,-0.0963
2020-11-16,47,-0.0721,-0.0949,-0.1002
2020-11-17,47,-0.0868,-0.0926,-0.1002
2020-11-18,47,-0.0922,-0.0915,-0.1002
2020-11-19,47,-0.0894,-0.0922,-0.1002
2020-11-20,47,-0.0334,-0.0893,-0.1002
2020-11-21,47,-0.1621,-0.0933,-0.1002
2020-11-22,47,-0.2249,-0.1087,-0.1002
2020-11-23,48,-0.0480,-0.1052,-0.0663
2020-11-24,48,-0.0553,-0.1007,-0.0663
2020-11-25,48,-0.0584,-0.0959,-0.0663
2020-11-26,48,-0.0375,-0.0885,-0.0663
2020-11-27,48,0.0195,-0.0809,-0.0663
2020-11-28,48,-0.1336,-0.0769,-0.0663
2020-11-29,48,-0.2246,-0.0768,-0.0663
2020-11-30,49,-0.0794,-0.0813,-0.0469
2020-12-01,49,-0.0054,-0.0742,-0.0469
2020-12-02,49,-0.0431,-0.0720,-0.0469
2020-12-03,49,-0.0352,-0.0717,-0.0469
2020-12-04,49,-0.0492,-0.0815,-0.0469
2020-12-05,49,-0.0731,-0.0729,-0.0469
2020-12-06,49,-0.0368,-0.0460,-0.0469
2020-12-07,50,-0.0574,-0.0429,-0.0701
2020-12-08,50,0.0081,-0.0410,-0.0701
2020-12-09,50,-0.0116,-0.0364,-0.0701
2020-12-10,50,0.0069,-0.0304,-0.0701
2020-12-11,50,-0.0001,-0.0234,-0.0701
2020-12-12,50,-0.2227,-0.0448,-0.0701
2020-12-13,50,-0.3175,-0.0849,-0.0701
2020-12-14,51,-0.0853,-0.0889,-0.1255
2020-12-15,51,0.0594,-0.0816,-0.1255
2020-12-16,51,-0.1138,-0.0962,-0.1255
2020-12-17,51,-0.1142,-0.1135,-0.1255
2020-12-18,51,-0.1664,-0.1372,-0.1255
2020-12-19,51,-0.2400,-0.1397,-0.1255
2020-12-20,51,-0.2698,-0.1329,-0.1255
2020-12-21,52,-0.1757,-0.1458,-0.2950
2020-12-22,52,-0.1204,-0.1715,-0.2950
2020-12-23,52,-0.1859,-0.1818,-0.2950
2020-12-24,52,-0.3656,-0.2177,-0.2950
2020-12-25,52,-0.4958,-0.2647,-0.2950
2020-12-26,52,-0.4040,-0.2882,-0.2950
2020-12-27,52,-0.3128,-0.2943,-0.2950
2020-12-28,53,-0.3123,-0.3138,-0.2889
2020-12-29,53,-0.2364,-0.3304,-0.2889
2020-12-30,53,-0.2154,-0.3346,-0.2889
2020-12-31,53,-0.3877,-0.3378,-0.2889
2021-01-01,53,-0.5577,-0.3466,-0.3756
2021-01-02,53,-0.2668,-0.3270,-0.3756
2021-01-03,53,-0.2035,-0.3114,-0.3756
2021-01-04,1,-0.2452,-0.3018,-0.2063
2021-01-05,1,-0.1462,-0.2889,-0.2063
2021-01-06,1,-0.3010,-0.3012,-0.2063
2021-01-07,1,-0.1958,-0.2737,-0.2063
2021-01-08,1,-0.2034,-0.2231,-0.2063
2021-01-09,1,-0.1985,-0.2134,-0.2063
2021-01-10,1,-0.1049,-0.1993,-0.2063
2021-01-11,2,-0.1715,-0.1888,-0.1522
2021-01-12,2,-0.0979,-0.1819,-0.1522
2021-01-13,2,-0.1496,-0.1602,-0.1522
2021-01-14,2,-0.1438,-0.1528,-0.1522
2021-01-15,2,-0.1481,-0.1449,-0.1522
2021-01-16,2,-0.1947,-0.1444,-0.1522
2021-01-17,2,-0.1707,-0.1538,-0.1522
2021-01-18,3,-0.1667,-0.1531,-0.1317
2021-01-19,3,-0.0762,-0.1500,-0.1317
2021-01-20,3,-0.1055,-0.1437,-0.1317
2021-01-21,3,-0.1128,-0.1393,-0.1317
2021-01-22,3,-0.1264,-0.1361,-0.1317
2021-01-23,3,-0.1838,-0.1346,-0.1317
2021-01-24,3,-0.1720,-0.1348,-0.1317
2021-01-25,4,-0.1587,-0.1336,-0.1233
2021-01-26,4,-0.0591,-0.1312,-0.1233
2021-01-27,4,-0.1264,-0.1342,-0.1233
2021-01-28,4,-0.1355,-0.1374,-0.1233
2021-01-29,4,-0.1247,-0.1372,-0.1233
2021-01-30,4,-0.1709,-0.1354,-0.1233
2021-01-31,4,-0.0659,-0.1202,-0.1233
2021-02-01,5,-0.1582,-0.1201,-0.1823
2021-02-02,5,-0.1603,-0.1346,-0.1823
2021-02-03,5,-0.1745,-0.1414,-0.1823
2021-02-04,5,-0.1410,-0.1422,-0.1823
2021-02-05,5,-0.1485,-0.1456,-0.1823
2021-02-06,5,-0.2250,-0.1534,-0.1823
2021-02-07,5,-0.3399,-0.1925,-0.1823
2021-02-08,6,-0.2573,-0.2066,-0.1934
2021-02-09,6,-0.2175,-0.2148,-0.1934
2021-02-10,6,-0.2087,-0.2197,-0.1934
2021-02-11,6,-0.1786,-0.2251,-0.1934
2021-02-12,6,-0.1668,-0.2277,-0.1934
2021-02-13,6,-0.1782,-0.2210,-0.1934
2021-02-14,6,-0.1160,-0.1890,-0.1934
2021-02-15,7,-0.1903,-0.1794,-0.1132
2021-02-16,7,-0.1496,-0.1697,-0.1132
2021-02-17,7,-0.1392,-0.1598,-0.1132
2021-02-18,7,-0.1239,-0.1520,-0.1132
2021-02-19,7,-0.1047,-0.1431,-0.1132
2021-02-20,7,-0.0742,-0.1283,-0.1132
2021-02-21,7,0.0652,-0.1024,-0.1132
2021-02-22,8,-0.0642,-0.0844,-0.0544
2021-02-23,8,-0.0437,-0.0693,-0.0544
2021-02-24,8,-0.0341,-0.0543,-0.0544
2021-02-25,8,-0.0414,-0.0425,-0.0544
2021-02-26,8,-0.0629,-0.0365,-0.0544
2021-02-27,8,-0.1117,-0.0418,-0.0544
2021-02-28,8,-0.0181,-0.0537,-0.0544
2021-03-01,9,-0.0763,-0.0555,-0.1209
2021-03-02,9,-0.0893,-0.0620,-0.1209
2021-03-03,9,-0.1128,-0.0732,-0.1209
2021-03-04,9,-0.1406,-0.0874,-0.1209
2021-03-05,9,-0.1373,-0.0980,-0.1209
2021-03-06,9,-0.1592,-0.1048,-0.1209
2021-03-07,9,-0.1411,-0.1224,-0.1209
2021-03-08,10,-0.0772,-0.1225,-0.1325
2021-03-09,10,-0.1087,-0.1253,-0.1325
2021-03-10,10,-0.1033,-0.1239,-0.1325
2021-03-11,10,-0.1341,-0.1230,-0.1325
2021-03-12,10,-0.1199,-0.1205,-0.1325
2021-03-13,10,-0.2004,-0.1264,-0.1325
2021-03-14,10,-0.2312,-0.1392,-0.1325
2021-03-15,11,-0.0731,-0.1387,-0.1139
2021-03-16,11,-0.0849,-0.1353,-0.1139
2021-03-17,11,-0.0977,-0.1345,-0.1139
2021-03-18,11,-0.0989,-0.1295,-0.1139
2021-03-19,11,-0.1070,-0.1276,-0.1139
2021-03-20,11,-0.1524,-0.1208,-0.1139
2021-03-21,11,-0.2347,-0.1213,-0.1139
2021-03-22,12,-0.0700,-0.1208,-0.1015
2021-03-23,12,-0.0827,-0.1205,-0.1015
2021-03-24,12,-0.0585,-0.1149,-0.1015
2021-03-25,12,-0.0845,-0.1128,-0.1015
2021-03-26,12,-0.1027,-0.1122,-0.1015
2021-03-27,12,-0.2041,-0.1196,-0.1015
2021-03-28,12,-0.1362,-0.1055,-0.1015
2021-03-29,13,-0.0641,-0.1047,-0.1260
2021-03-30,13,-0.0498,-0.1000,-0.1260
2021-03-31,13,-0.0329,-0.0963,-0.1260
2021-04-01,13,-0.0734,-0.0948,-0.1260
2021-04-02,13,-0.4183,-0.1398,-0.1260
2021-04-03,13,-0.1474,-0.1317,-0.1260
2021-04-04,13,-0.1128,-0.1284,-0.1260
2021-04-05,14,-0.5093,-0.1920,-0.2130
2021-04-06,14,-0.2034,-0.2139,-0.2130
2021-04-07,14,-0.1956,-0.2372,-0.2130
2021-04-08,14,-0.1539,-0.2487,-0.2130
2021-04-09,14,-0.0276,-0.1929,-0.2130
2021-04-10,14,-0.1874,-0.1986,-0.2130
2021-04-11,14,-0.2180,-0.2136,-0.2130
2021-04-12,15,-0.0674,-0.1505,-0.1178
2021-04-13,15,-0.1227,-0.1390,-0.1178
2021-04-14,15,-0.1369,-0.1306,-0.1178
2021-04-15,15,-0.1088,-0.1241,-0.1178
2021-04-16,15,-0.0102,-0.1216,-0.1178
2021-04-17,15,-0.1724,-0.1195,-0.1178
2021-04-18,15,-0.2463,-0.1235,-0.1178
2021-04-19,16,-0.0536,-0.1216,-0.0650
2021-04-20,16,-0.0953,-0.1177,-0.0650
2021-04-21,16,-0.0711,-0.1083,-0.0650
2021-04-22,16,-0.0703,-0.1027,-0.0650
2021-04-23,16,0.0497,-0.0942,-0.0650
2021-04-24,16,-0.1114,-0.0855,-0.0650
2021-04-25,16,-0.1187,-0.0672,-0.0650
2021-04-26,17,-0.0278,-0.0636,-0.1253
2021-04-27,17,-0.1147,-0.0663,-0.1253
2021-04-28,17,-0.1203,-0.0734,-0.1253
2021-04-29,17,-0.1055,-0.0784,-0.1253
2021-04-30,17,0.0445,-0.0791,-0.1253
2021-05-01,17,-0.3377,-0.1115,-0.1253
2021-05-02,17,-0.2696,-0.1330,-0.1253
2021-05-03,18,-0.0949,-0.1426,-0.0862
2021-05-04,18,-0.1520,-0.1479,-0.0862
2021-05-05,18,-0.0868,-0.1431,-0.0862
2021-05-06,18,-0.0688,-0.1379,-0.0862
2021-05-07,18,-0.1060,-0.1594,-0.0862
2021-05-08,18,-0.1022,-0.1258,-0.0862
2021-05-09,18,0.0536,-0.0796,-0.0862
2021-05-10,19,-0.0735,-0.0765,-0.1455
2021-05-11,19,-0.0956,-0.0685,-0.1455
2021-05-12,19,0.0040,-0.0555,-0.1455
2021-05-13,19,-0.3765,-0.0995,-0.1455
2021-05-14,19,-0.1553,-0.1065,-0.1455
2021-05-15,19,-0.1447,-0.1126,-0.1455
2021-05-16,19,-0.1951,-0.1481,-0.1455
2021-05-17,20,-0.1269,-0.1557,-0.0633
2021-05-18,20,-0.0862,-0.1544,-0.0633
2021-05-19,20,-0.0108,-0.1565,-0.0633
2021-05-20,20,0.0125,-0.1009,-0.0633
2021-05-21,20,-0.0579,-0.0870,-0.0633
2021-05-22,20,-0.1013,-0.0808,-0.0633
2021-05-23,20,-0.0774,-0.0640,-0.0633
2021-05-24,21,-0.3722,-0.0990,-0.0923
2021-05-25,21,-0.1113,-0.1026,-0.0923
2021-05-26,21,-0.0265,-0.1049,-0.0923
2021-05-27,21,-0.0156,-0.1089,-0.0923
2021-05-28,21,-0.0945,-0.1141,-0.0923
2021-05-29,21,-0.0054,-0.1004,-0.0923
2021-05-30,21,0.0419,-0.0834,-0.0923
2021-05-31,22,0.0219,-0.0271,-0.0531
2021-06-01,22,-0.0002,-0.0112,-0.0531
2021-06-02,22,0.0076,-0.0063,-0.0531
2021-06-03,22,-0.1793,-0.0297,-0.0531
2021-06-04,22,-0.0650,-0.0255,-0.0531
2021-06-05,22,-0.0421,-0.0307,-0.0531
2021-06-06,22,-0.1457,-0.0575,-0.0531
2021-06-07,23,0.0902,-0.0478,0.0332
2021-06-08,23,-0.0008,-0.0479,0.0332
2021-06-09,23,-0.0064,-0.0499,0.0332
2021-06-10,23,0.0726,-0.0139,0.0332
2021-06-11,23,0.0302,-0.0003,0.0332
2021-06-12,23,0.0197,0.0086,0.0332
2021-06-13,23,0.0323,0.0340,0.0332
2021-06-14,24,0.1398,0.0411,0.0647
2021-06-15,24,0.0308,0.0456,0.0647
2021-06-16,24,0.0297,0.0507,0.0647
2021-06-17,24,0.1005,0.0547,0.0647
2021-06-18,24,0.0594,0.0589,0.0647
2021-06-19,24,0.0722,0.0664,0.0647
2021-06-20,24,0.0151,0.0639,0.0647
2021-06-21,25,0.1797,0.0696,-0.0347
2021-06-22,25,-0.1087,0.0497,-0.0347
2021-06-23,25,-0.1004,0.0311,-0.0347
2021-06-24,25,-0.0689,0.0069,-0.0347
2021-06-25,25,-0.0841,-0.0136,-0.0347
2021-06-26,25,-0.0159,-0.0262,-0.0347
2021-06-27,25,-0.0104,-0.0298,-0.0347
2021-06-28,26,0.0677,-0.0458,0.0158
2021-06-29,26,-0.0450,-0.0367,0.0158
2021-06-30,26,-0.0504,-0.0296,0.0158
2021-07-01,26,0.0178,-0.0172,0.0158
2021-07-02,26,0.0524,0.0023,0.0158
2021-07-03,26,0.0572,0.0128,0.0158
2021-07-04,26,0.0327,0.0189,0.0158
2021-07-05,27,0.0615,0.0180,0.0633
2021-07-06,27,0.0655,0.0338,0.0633
2021-07-07,27,0.0715,0.0512,0.0633
2021-07-08,27,0.0349,0.0537,0.0633
2021-07-09,27,0.0477,0.0530,0.0633
2021-07-10,27,0.1011,0.0593,0.0633
2021-07-11,27,0.0689,0.0644,0.0633
2021-07-12,28,0.0807,0.0672,0.0559
2021-07-13,28,0.0505,0.0650,0.0559
2021-07-14,28,0.0405,0.0606,0.0559
2021-07-15,28,0.0571,0.0638,0.0559
2021-07-16,28,0.0724,0.0673,0.0559
2021-07-17,28,0.0652,0.0622,0.0559
2021-07-18,28,0.0105,0.0538,0.0559
2021-07-19,29,-0.0151,0.0402,0.0464
2021-07-20,29,0.0775,0.0440,0.0464
2021-07-21,29,0.0751,0.0490,0.0464
2021-07-22,29,0.0534,0.0484,0.0464
2021-07-23,29,0.0473,0.0448,0.0464
2021-07-24,29,0.0280,0.0395,0.0464
2021-07-25,29,0.0595,0.0465,0.0464
2021-07-26,30,-0.0087,0.0474,-0.0015
2021-07-27,30,-0.0080,0.0352,-0.0015
2021-07-28,30,-0.0152,0.0223,-0.0015
2021-07-29,30,-0.0290,0.0105,-0.0015
2021-07-30,30,0.0185,0.0064,-0.0015
2021-07-31,30,0.0628,0.0114,-0.0015
2021-08-01,30,-0.0323,-0.0017,-0.0015
2021-08-02,31,0.0231,0.0028,0.0154
2021-08-03,31,0.0103,0.0054,0.0154
2021-08-04,31,0.0041,0.0082,0.0154
2021-08-05,31,0.0404,0.0181,0.0154
2021-08-06,31,0.0136,0.0174,0.0154
2021-08-07,31,0.0185,0.0111,0.0154
2021-08-08,31,-0.0076,0.0146,0.0154
2021-08-09,32,0.0200,0.0142,0.0415
2021-08-10,32,0.0278,0.0167,0.0415
2021-08-11,32,0.0362,0.0213,0.0415
2021-08-12,32,0.0729,0.0259,0.0415
2021-08-13,32,0.0332,0.0287,0.0415
2021-08-14,32,0.0542,0.0338,0.0415
2021-08-15,32,0.0502,0.0421,0.0415
2021-08-16,33,-0.0218,0.0361,-0.0198
2021-08-17,33,-0.0202,0.0293,-0.0198
2021-08-18,33,-0.0475,0.0173,-0.0198
2021-08-19,33,0.0033,0.0074,-0.0198
2021-08-20,33,-0.0069,0.0016,-0.0198
2021-08-21,33,0.0350,-0.0011,-0.0198
2021-08-22,33,-0.0963,-0.0221,-0.0198
2021-08-23,34,-0.0006,-0.0190,-0.0060
2021-08-24,34,0.0279,-0.0122,-0.0060
2021-08-25,34,0.0339,-0.0005,-0.0060
2021-08-26,34,0.0205,0.0019,-0.0060
2021-08-27,34,-0.0010,0.0028,-0.0060
2021-08-28,34,-0.0261,-0.0060,-0.0060
2021-08-29,34,-0.1370,-0.0118,-0.0060
2021-08-30,35,0.0311,-0.0072,0.0437
2021-08-31,35,0.0605,-0.0026,0.0437
2021-09-01,35,0.0206,-0.0045,0.0437
2021-09-02,35,0.0234,-0.0041,0.0437
2021-09-03,35,0.0231,-0.0006,0.0437
2021-09-04,35,0.0530,0.0107,0.0437
2021-09-05,35,0.1250,0.0481,0.0437
2021-09-06,36,0.0274,0.0476,0.0320
2021-09-07,36,0.0162,0.0412,0.0320
2021-09-08,36,0.0308,0.0427,0.0320
2021-09-09,36,0.0419,0.0453,0.0320
2021-09-10,36,0.0193,0.0448,0.0320
2021-09-11,36,0.0154,0.0394,0.0320
2021-09-12,36,0.0921,0.0347,0.0320
2021-09-13,37,0.0475,0.0376,0.0417
2021-09-14,37,0.0543,0.0431,0.0417
2021-09-15,37,0.0090,0.0399,0.0417
2021-09-16,37,0.0377,0.0393,0.0417
2021-09-17,37,0.0500,0.0437,0.0417
2021-09-18,37,0.0499,0.0486,0.0417
2021-09-19,37,0.0467,0.0421,0.0417
2021-09-20,38,0.0255,0.0390,0.0448
2021-09-21,38,0.0337,0.0361,0.0448
2021-09-22,38,0.0367,0.0400,0.0448
2021-09-23,38,0.0400,0.0404,0.0448
2021-09-24,38,0.0446,0.0396,0.0448
2021-09-25,38,0.0633,0.0415,0.0448
2021-09-26,38,0.0868,0.0472,0.0448
2021-09-27,39,0.0363,0.0488,0.0508
2021-09-28,39,0.0365,0.0492,0.0508
2021-09-29,39,-0.0014,0.0437,0.0508
2021-09-30,39,0.0591,0.0464,0.0508
2021-10-01,39,0.1096,0.0557,0.0508
2021-10-02,39,0.0880,0.0593,0.0508
2021-10-03,39,0.0248,0.0504,0.0508
2021-10-04,40,0.0312,0.0497,0.0422
2021-10-05,40,0.0020,0.0448,0.0422
2021-10-06,40,0.0027,0.0453,0.0422
2021-10-07,40,0.1269,0.0550,0.0422
2021-10-08,40,0.0649,0.0486,0.0422
2021-10-09,40,0.0812,0.0477,0.0422
2021-10-10,40,-0.0233,0.0408,0.0422
2021-10-11,41,-0.0341,0.0315,0.0128
2021-10-12,41,-0.0288,0.0271,0.0128
2021-10-13,41,-0.0156,0.0244,0.0128
2021-10-14,41,0.0986,0.0204,0.0128
2021-10-15,41,0.0287,0.0152,0.0128
2021-10-16,41,0.0377,0.0090,0.0128
2021-10-17,41,0.0141,0.0144,0.0128
2021-10-18,42,-0.0082,0.0181,0.0141
2021-10-19,42,-0.0155,0.0200,0.0141
2021-10-20,42,-0.0212,0.0192,0.0141
2021-10-21,42,0.0859,0.0174,0.0141
2021-10-22,42,0.0024,0.0136,0.0141
2021-10-23,42,0.0207,0.0112,0.0141
2021-10-24,42,0.0567,0.0173,0.0141
2021-10-25,43,0.0048,0.0191,0.0407
2021-10-26,43,-0.0310,0.0169,0.0407
2021-10-27,43,-0.0081,0.0188,0.0407
2021-10-28,43,0.1363,0.0260,0.0407
2021-10-29,43,0.0700,0.0356,0.0407
2021-10-30,43,0.0288,0.0368,0.0407
2021-10-31,43,0.1176,0.0455,0.0407
2021-11-01,44,-0.2118,0.0145,-0.0208
2021-11-02,44,0.0096,0.0203,-0.0208
2021-11-03,44,0.0129,0.0233,-0.0208
2021-11-04,44,-0.0107,0.0023,-0.0208
2021-11-05,44,0.0545,0.0001,-0.0208
2021-11-06,44,0.0164,-0.0016,-0.0208
2021-11-07,44,-0.0070,-0.0194,-0.0208
2021-11-08,45,0.0231,0.0141,0.0171
2021-11-09,45,0.0216,0.0158,0.0171
2021-11-10,45,0.0217,0.0171,0.0171
2021-11-11,45,0.0261,0.0224,0.0171
2021-11-12,45,0.0579,0.0228,0.0171
2021-11-13,45,-0.0260,0.0168,0.0171
2021-11-14,45,-0.0300,0.0135,0.0171
2021-11-15,46,0.0087,0.0114,0.0104
2021-11-16,46,0.0165,0.0107,0.0104
2021-11-17,46,-0.0396,0.0020,0.0104
2021-11-18,46,0.0275,0.0022,0.0104
2021-11-19,46,0.0751,0.0046,0.0104
2021-11-20,46,0.0003,0.0084,0.0104
2021-11-21,46,-0.0356,0.0076,0.0104
2021-11-22,47,-0.0209,0.0033,-0.0046
2021-11-23,47,-0.0299,-0.0033,-0.0046
2021-11-24,47,0.0173,0.0048,-0.0046
2021-11-25,47,0.0239,0.0043,-0.0046
2021-11-26,47,0.0394,-0.0008,-0.0046
2021-11-27,47,-0.0310,-0.0053,-0.0046
2021-11-28,47,-0.0551,-0.0081,-0.0046
2021-11-29,48,0.0031,-0.0046,0.0456
2021-11-30,48,-0.0108,-0.0019,0.0456
2021-12-01,48,0.1080,0.0111,0.0456
2021-12-02,48,0.1437,0.0282,0.0456
2021-12-03,48,0.0916,0.0356,0.0456
2021-12-04,48,-0.0121,0.0383,0.0456
2021-12-05,48,-0.0289,0.0421,0.0456
2021-12-06,49,0.0931,0.0550,0.0899
2021-12-07,49,0.1786,0.0820,0.0899
2021-12-08,49,0.1307,0.0852,0.0899
2021-12-09,49,0.1350,0.0840,0.0899
2021-12-10,49,0.0849,0.0830,0.0899
2021-12-11,49,0.0078,0.0859,0.0899
2021-12-12,49,-0.0546,0.0822,0.0899
2021-12-13,50,0.0857,0.0811,0.1041
2021-12-14,50,0.1885,0.0825,0.1041
2021-12-15,50,0.1603,0.0868,0.1041
2021-12-16,50,0.1568,0.0899,0.1041
2021-12-17,50,0.0963,0.0915,0.1041
2021-12-18,50,0.0196,0.0932,0.1041
2021-12-19,50,-0.0271,0.0971,0.1041
2021-12-20,51,0.0873,0.0974,-0.0388
2021-12-21,51,0.1666,0.0943,-0.0388
2021-12-22,51,0.0823,0.0831,-0.0388
2021-12-23,51,0.0270,0.0646,-0.0388
2021-12-24,51,-0.3152,0.0058,-0.0388
2021-12-25,51,-0.2957,-0.0392,-0.0388
2021-12-26,51,-0.0081,-0.0365,-0.0388
2021-12-27,52,-0.1836,-0.0752,-0.1544
2021-12-28,52,-0.1101,-0.1147,-0.1544
2021-12-29,52,-0.0995,-0.1407,-0.1544
2021-12-30,52,-0.0752,-0.1553,-0.1544
2021-12-31,52,-0.2892,-0.1516,-0.1544
2022-01-01,52,-0.2752,-0.1487,-0.1638
2022-01-02,52,-0.0062,-0.1484,-0.1638
2022-01-03,1,-0.1041,-0.1371,-0.0671
2022-01-04,1,0.0030,-0.1209,-0.0671
2022-01-05,1,-0.0364,-0.1119,-0.0671
2022-01-06,1,-0.2104,-0.1312,-0.0671
2022-01-07,1,-0.0537,-0.0976,-0.0671
2022-01-08,1,0.0001,-0.0583,-0.0671
2022-01-09,1,-0.0337,-0.0622,-0.0671
2022-01-10,2,0.0436,-0.0411,0.0890
2022-01-11,2,0.1841,-0.0152,0.0890
2022-01-12,2,0.0944,0.0035,0.0890
2022-01-13,2,0.0921,0.0467,0.0890
2022-01-14,2,0.0975,0.0683,0.0890
2022-01-15,2,0.0620,0.0772,0.0890
2022-01-16,2,0.0260,0.0857,0.0890
2022-01-17,3,0.0409,0.0853,0.0809
2022-01-18,3,0.1891,0.0860,0.0809
2022-01-19,3,0.0971,0.0864,0.0809
2022-01-20,3,0.0741,0.0838,0.0809
2022-01-21,3,0.0775,0.0810,0.0809
2022-01-22,3,0.0293,0.0763,0.0809
2022-01-23,3,0.0429,0.0787,0.0809
2022-01-24,4,0.0431,0.0790,0.0811
2022-01-25,4,0.1697,0.0763,0.0811
2022-01-26,4,0.0747,0.0731,0.0811
2022-01-27,4,0.0651,0.0718,0.0811
2022-01-28,4,0.0987,0.0748,0.0811
2022-01-29,4,0.0411,0.0765,0.0811
2022-01-30,4,0.0722,0.0807,0.0811
2022-01-31,5,0.0131,0.0764,0.0129
2022-02-01,5,0.0050,0.0528,0.0129
2022-02-02,5,0.0297,0.0464,0.0129
2022-02-03,5,0.0640,0.0463,0.0129
2022-02-04,5,0.0295,0.0364,0.0129
2022-02-05,5,0.0314,0.0350,0.0129
2022-02-06,5,-0.1423,0.0043,0.0129
2022-02-07,6,0.0328,0.0072,0.0501
2022-02-08,6,0.0335,0.0112,0.0501
2022-02-09,6,0.0507,0.0142,0.0501
2022-02-10,6,0.0299,0.0094,0.0501
2022-02-11,6,0.0467,0.0118,0.0501
2022-02-12,6,0.0712,0.0175,0.0501
2022-02-13,6,0.1159,0.0544,0.0501
2022-02-14,7,0.0621,0.0586,0.0082
2022-02-15,7,0.0469,0.0605,0.0082
2022-02-16,7,-0.0303,0.0489,0.0082
2022-02-17,7,0.0205,0.0476,0.0082
2022-02-18,7,-0.0091,0.0396,0.0082
2022-02-19,7,0.0141,0.0314,0.0082
2022-02-20,7,-0.0786,0.0037,0.0082
2022-02-21,8,0.0169,-0.0028,0.0479
2022-02-22,8,0.0503,-0.0023,0.0479
2022-02-23,8,0.0832,0.0139,0.0479
2022-02-24,8,0.0345,0.0159,0.0479
2022-02-25,8,0.0265,0.0210,0.0479
2022-02-26,8,0.0663,0.0285,0.0479
2022-02-27,8,0.0699,0.0497,0.0479
2022-02-28,9,0.0145,0.0493,-0.0136
2022-03-01,9,-0.0337,0.0373,-0.0136
2022-03-02,9,0.0202,0.0283,-0.0136
2022-03-03,9,-0.0188,0.0207,-0.0136
2022-03-04,9,-0.0288,0.0128,-0.0136
2022-03-05,9,-0.0188,0.0007,-0.0136
2022-03-06,9,-0.0392,-0.0149,-0.0136
2022-03-07,10,0.0080,-0.0159,-0.0028
2022-03-08,10,0.0063,-0.0101,-0.0028
2022-03-09,10,-0.0092,-0.0144,-0.0028
2022-03-10,10,-0.0149,-0.0138,-0.0028
2022-03-11,10,-0.0202,-0.0126,-0.0028
2022-03-12,10,-0.0187,-0.0126,-0.0028
2022-03-13,10,0.0483,-0.0001,-0.0028
2022-03-14,11,-0.0024,-0.0015,-0.0194
2022-03-15,11,-0.0343,-0.0073,-0.0194
2022-03-16,11,-0.0217,-0.0091,-0.0194
2022-03-17,11,-0.0430,-0.0131,-0.0194
2022-03-18,11,-0.0170,-0.0127,-0.0194
2022-03-19,11,-0.0174,-0.0125,-0.0194
2022-03-20,11,0.0150,-0.0173,-0.0194
2022-03-21,12,0.0160,-0.0146,0.0177
2022-03-22,12,0.0079,-0.0086,0.0177
2022-03-23,12,0.0077,-0.0044,0.0177
2022-03-24,12,0.0025,0.0021,0.0177
2022-03-25,12,0.0089,0.0058,0.0177
2022-03-26,12,0.0219,0.0114,0.0177
2022-03-27,12,0.0870,0.0217,0.0177
2022-03-28,13,0.0357,0.0245,0.0142
2022-03-29,13,0.0033,0.0238,0.0142
2022-03-30,13,-0.0182,0.0201,0.0142
2022-03-31,13,-0.0313,0.0153,0.0142
2022-04-01,13,0.1624,0.0372,0.0142
2022-04-02,13,-0.0182,0.0315,0.0142
2022-04-03,13,-0.0472,0.0124,0.0142
2022-04-04,14,0.0951,0.0209,0.0412
2022-04-05,14,0.0297,0.0246,0.0412
2022-04-06,14,0.0710,0.0374,0.0412
2022-04-07,14,0.0519,0.0493,0.0412
2022-04-08,14,0.1860,0.0526,0.0412
2022-04-09,14,-0.1631,0.0319,0.0412
2022-04-10,14,-0.0171,0.0362,0.0412
2022-04-11,15,0.0733,0.0331,0.0733
